-- Initialize fsu_roster SCHEMA

-- CREATE SCHEMA fsu_roster;

DROP TABLE IF EXISTS
    fsu_roster.Player, fsu_roster.Coach, fsu_roster.Recruit CASCADE;

-- Create the Player table
CREATE TABLE fsu_roster.Player
(
    PlayerId        SERIAL PRIMARY KEY,
    Name            VARCHAR(100) NOT NULL,
    Position        VARCHAR(50) NOT NULL,
    Year            INT NOT NULL,
    Redshirt        BOOLEAN DEFAULT FALSE,
    Jersey          INT NOT NULL,
    Sport           VARCHAR(50) NOT NULL,
    Active          BOOLEAN DEFAULT TRUE,
    Status          VARCHAR(100),
    Height          VARCHAR(10),
    Weight          INT,
    HomeTown        VARCHAR(100),
    HighSchool      VARCHAR(100),
    OtherCollege    VARCHAR(100),
    DraftPick       INT,
    NFLTeam         VARCHAR(100),
    Notes           TEXT,
    LastUpdateDate  TIMESTAMP NOT NULL DEFAULT now()
);

-- Create the Recruit table
CREATE TABLE fsu_roster.Recruit
(
    RecruitId           SERIAL PRIMARY KEY,
    PlayerId            BIGINT NOT NULL REFERENCES fsu_roster.Player (PlayerId),
    RivalsStars         INT,
    RivalsRating        NUMERIC(2, 1),
    RivalsRankNational  INT,
    RivalsRankPosition  INT,
    RivalsRankState     INT,
    RivalsLink          VARCHAR(100),
    Two47Stars          INT,
    Two47Rating         NUMERIC(4, 4),
    Two47RankNational   INT,
    Two47RankPosition   INT,
    Two47RankState      INT,
    Two47Link           VARCHAR(100),
    LastUpdateDate      TIMESTAMP NOT NULL DEFAULT now()
);

-- Create the Coaches table
CREATE TABLE fsu_roster.Coach
(
    CoachId         SERIAL PRIMARY KEY,
    Name            VARCHAR(100) NOT NULL DEFAULT '',
    Position        VARCHAR(100) NOT NULL DEFAULT '',
    Sport           VARCHAR(100) NOT NULL DEFAULT '',
    LastUpdateDate  TIMESTAMP NOT NULL DEFAULT now()
);

CREATE OR REPLACE FUNCTION fsu_roster.trigger_set_timestamp()
              RETURNS TRIGGER AS $$
BEGIN
    NEW.LastUpdateDate = NOW();
RETURN NEW;
END;
$$ LANGUAGE plpgsql;

CREATE TRIGGER set_player_timestamp
    BEFORE UPDATE ON fsu_roster.Player
    FOR EACH ROW
    EXECUTE PROCEDURE fsu_roster.trigger_set_timestamp();

CREATE TRIGGER set_rivals_timestamp
    BEFORE UPDATE ON fsu_roster.Recruit
    FOR EACH ROW
    EXECUTE PROCEDURE fsu_roster.trigger_set_timestamp();

CREATE TRIGGER set_coach_timestamp
    BEFORE UPDATE ON fsu_roster.Coach
    FOR EACH ROW
    EXECUTE PROCEDURE fsu_roster.trigger_set_timestamp();

COMMIT;

INSERT INTO fsu_roster.Coach (CoachId, Name, Position, Sport)
VALUES (1, 'Mike Norvell', 'Head Coaches', 'Football'),
       (2, 'Odell Haggins', 'Defensive Lin Coaches', 'Football'),
       (3, 'Kenny Dillingham', 'Offensive Coordinator/Quarterbacks Coaches', 'Football'),
       (4, 'Adam Fuller', 'Defensive Coordinator', 'Football'),
       (5, 'John Papuchis', 'Special Teams Coordinator/Defensive Ends Coaches', 'Football'),
       (6, 'Chris Thomsen', 'Deputy Head Coaches', 'Football'),
       (7, 'Alex Atkins', 'Offensive Line Coaches', 'Football'),
       (8, 'Ron Dugans', 'Wide Receivers Coaches', 'Football'),
       (9, 'Chris Marve', 'Linebackers Coaches/Defensive Run Game Coordinator', 'Football'),
       (10, 'TJ Rushing', 'Defensive Backs Coaches', 'Football'),
       (11, 'Bruce Warwick', 'Chief of Staff', 'Football');

COMMIT;

INSERT INTO fsu_roster.Player (PlayerId, Name, Position, Year, Redshirt, Jersey, Sport, Active, Status, Height, Weight, HomeTown, HighSchool, OtherCollege, DraftPick, NFLTeam, Notes)
VALUES (1, 'James Blackman', 'Quarterback', 2017, true, 1, 'Football', true, 'active', '6-5', 195, 'South Bay, Fla.', 'Glades Central', '', 0, '', ''),
       (2, 'Levonta Taylor', 'Defensive Back', 2016, false, 1, 'Football', false, 'active', '5-10', 190, 'Virginia Beach, Va.', 'Ocean Lakes', '', 0, '', ''),
       (3, 'Cam Akers', 'Running Back', 2017, false, 3, 'Football', false, 'active', '5-11', 212, 'Clinton, Miss.', 'Clinton', '', 0, '', ''),
       (4, 'Khalan Laborn', 'Running Back', 2017, true, 4, 'Football', true, 'active', '5-11', 205, 'Virginia Beach, Va.', 'Bishop Sullivan', '', 0, '', ''),
       (5, 'Dontavious Jackson', 'Linebacker', 2016, false, 5, 'Football', false, 'active', '6-3', 229, 'Alief, Texas', 'Elsik', '', 0, '', ''),
       (6, 'Jaiden Lars-Woodbey', 'Defensive Back', 2018, false, 6, 'Football', true, 'active', '6-3', 223, 'Fontana, Calif.', 'St. John Bosco', '', 0, '', ''),
       (7, 'Tre McKitty', 'Tight End', 2017, false, 6, 'Football', true, 'active', '6-5', 245, 'Wesley Chapel, Fla.', 'IMG Academy', '', 0, '', ''),
       (8, 'D.J. Matthews', 'Wide Receiver', 2017, false, 7, 'Football', true, 'active', '5-10', 156, 'Jacksonville, Fla.', 'Trinity Christian', '', 0, '', ''),
       (9, 'Stanford Samuels III', 'Defensive Back', 2017, false, 8, 'Football', false, 'active', '6-2', 185, 'Pembroke Pines, Fla.', 'Flanagan', '', 0, '', ''),
       (10, 'Kevon Glenn', 'Linebacker', 2019, false, 10, 'Football', true, 'active', '6-2', 236, 'Riverdale, Ga.', 'Dutchtown', '', 0, '', ''),
       (11, 'Anthony Grant', 'Running Back', 2018, false, 10, 'Football', true, 'active', '5-11', 197, 'Buford, Ga.', 'Buford', '', 0, '', ''),
       (12, 'Gino English', 'Quarterback', 2019, false, 10, 'Football', true, 'active', '6-1', 185, 'Winter Park, Fla.', 'Winter Park', '', 0, '', ''),
       (13, 'Warren Thompson', 'Wide Receiver', 2018, true, 11, 'Football', true, 'active', '6-3', 201, 'Seffner, Fla.', 'Armwood', '', 0, '', ''),
       (14, 'Janarius Robinson', 'Defensive End', 2016, true, 11, 'Football', true, 'active', '6-5', 261, 'Panama City, Fla.', 'Bay', '', 0, '', ''),
       (15, 'Alex Hornibrook', 'Quarterback', 2015, true, 12, 'Football', false, 'active', '6-4', 220, 'West Chester, Pa.', 'Malvern Prep', 'Wisconsin', 0, '', ''),
       (16, 'A.J. Lytton', 'Defensive Back', 2018, false, 12, 'Football', true, 'active', '5-11', 179, 'Upper Marlboro, Md.', 'Wise', '', 0, '', ''),
       (17, 'Caleb Ward', 'Wide Receiver', 2018, true, 13, 'Football', true, 'active', '6-1', 173, 'Pensacola, Fla.', 'Booker T. Washington', '', 0, '', ''),
       (18, 'Jordan Travis', 'Quarterback', 2018, true, 13, 'Football', true, 'active', '6-1', 208, 'West Palm Beach, Fla.', 'The Benjamin School', 'Louisville', 0, '', ''),
       (19, 'Joshua Kaindoh', 'Defensive End', 2017, false, 13, 'Football', true, 'active', '6-7', 261, 'Baltimore, Md.', 'IMG Academy (Fla.)', '', 0, '', ''),
       (20, 'Deonte Sheffield', 'Running Back', 2017, true, 14, 'Football', true, 'active', '5-10', 203, 'Destin, Fla.', 'Niceville', '', 0, '', ''),
       (21, 'Kyle Meyers', 'Defensive Back', 2016, false, 14, 'Football', false, 'active', '6-0', 174, 'New Orleans, La.', 'Holy Cross', '', 0, '', ''),
       (22, 'Carlos Becker III', 'Defensive Back', 2016, true, 15, 'Football', true, 'active', '6-2', 200, 'Kissimmee, Fla.', 'Osceola', '', 0, '', ''),
       (23, 'Tamorrion Terry', 'Wide Receiver', 2017, true, 15, 'Football', true, 'active', '6-4', 203, 'Ashburn, Ga.', 'Turner County', '', 0, '', ''),
       (24, 'Cory Durden', 'Defensive Tackle', 2017, true, 16, 'Football', true, 'active', '6-5', 305, 'Newberry, Fla.', 'Newberry', '', 0, '', ''),
       (25, 'Alex Eleyssami', 'Quarterback', 2018, true, 16, 'Football', true, 'active', '6-1', 190, 'Orlando, Fla', 'First Academy', '', 0, '', ''),
       (26, 'Travis Jay', 'Defensive Back', 2019, false, 18, 'Football', true, 'active', '6-2', 185, 'Greenville, Fla.', 'Madison County', '', 0, '', ''),
       (27, 'D Anfernee McGriff', 'Wide Receiver', 2016, true, 18, 'Football', true, 'active', '6-1', 203, 'Gretna, Fla.', 'Leon', 'Florida Atlantic', 0, '', ''),
       (28, 'Jarvis Brownlee', 'Defensive Back', 2019, false, 19, 'Football', true, 'active', '5-11', 165, 'Miami Gardens, Fla.', 'Miami Carol City', '', 0, '', ''),
       (29, 'Wyatt Rector', 'Quarterback', 2018, true, 19, 'Football', true, 'active', '6-2', 227, 'Leesburg, Fla.', 'Leesburg', 'Western Michigan', 0, '', ''),
       (30, 'Kalen DeLoach', 'Linebacker', 2019, false, 20, 'Football', true, 'active', '6-1', 211, 'Savannah, Ga.', 'Islands', '', 0, '', ''),
       (31, 'Keyshawn Helton', 'Wide Receiver', 2018, false, 20, 'Football', true, 'active', '5-9', 170, 'Pensacola, Fla.', 'West Florida', '', 0, '', ''),
       (32, 'Marvin Wilson', 'Defensive Tackle', 2017, false, 21, 'Football', true, 'active', '6-5', 311, 'Houston, Texas', 'Episcopal', '', 0, '', ''),
       (33, 'Adonis Thomas', 'Linebacker', 2015, true, 22, 'Football', false, 'active', '6-4', 239, 'Atlanta, Ga.', 'Central Gwinnett', '', 0, '', ''),
       (34, 'Hamsah Nasirildeen', 'Defensive Back', 2017, false, 23, 'Football', true, 'active', '6-4', 215, 'Concord, N.C.', 'Concord', '', 0, '', ''),
       (35, 'Ricky Aguayo', 'Kicker', 2016, false, 23, 'Football', false, 'active', '6-2', 215, 'Mascotte, Fla.', 'IMG Academy', '', 0, '', ''),
       (36, 'Cyrus Fagan', 'Defensive Back', 2017, false, 24, 'Football', true, 'active', '6-1', 191, 'Daytona Beach, Fla.', 'Mainland', '', 0, '', ''),
       (37, 'Asante Samuel, JR.', 'Defensive Back', 2018, false, 26, 'Football', true, 'active', '5-10', 180, 'Sunrise, Fla.', 'St. Thomas Aquinas', '', 0, '', ''),
       (38, 'Akeem Dent', 'Defensive Back', 2019, false, 27, 'Football', true, 'active', '6-1', 182, 'Pahokee, Fla.', 'Palm Beach Central', '', 0, '', ''),
       (39, 'DeCalon Brooks', 'Linebacker', 2017, true, 28, 'Football', true, 'active', '5-10', 209, 'Tampa, Fla.', 'Gaither', '', 0, '', ''),
       (40, 'Isaiah Bolden', 'Defensive Back', 2018, true, 29, 'Football', true, 'active', '6-2', 194, 'Tampa, Fla.', 'Wesley Chapel', '', 0, '', ''),
       (41, 'Tre Young', 'Wide Receiver', 2019, false, 29, 'Football', true, 'active', '6-0', 195, 'Atlanta, Ga.', 'Riverwood International Charter', '', 0, '', ''),
       (42, 'Quashon Fuller', 'Defensive End', 2019, false, 30, 'Football', true, 'active', '6-3', 267, 'Fort Myers, Fla.', 'Lehigh Senior', '', 0, '', ''),
       (43, 'Tommy Martin', 'Punter', 2017, true, 30, 'Football', true, 'active', '5-11', 191, 'Chesapeake, Va.', 'Hickory', '', 0, '', ''),
       (44, 'Raymond Woodie III', 'Defensive Back', 2019, false, 31, 'Football', true, 'active', '6-0', 198, 'Palmetto, Fla.', 'Florida State University School', '', 0, '', ''),
       (45, 'Gabe Nabers', 'Tight End', 2016, false, 32, 'Football', false, 'active', '6-3', 243, 'Hahira, Ga.', 'Lowndes', '', 0, '', ''),
       (46, 'Amari Gainer', 'Linebacker', 2018, true, 33, 'Football', true, 'active', '6-3', 215, 'Tallahassee, Fla.', 'Chiles', '', 0, '', ''),
       (47, 'Leonard Warner III', 'Linebacker', 2017, false, 35, 'Football', true, 'active', '6-4', 241, 'Snellville, Ga.', 'Brookwood', '', 0, '', ''),
       (48, 'Renardo Green', 'Defensive Back', 2019, false, 36, 'Football', true, 'active', '6-0', 174, 'Orlando, Fla.', 'Wekiva', '', 0, '', ''),
       (49, 'Parker Grothaus', 'Kicker', 2017, true, 37, 'Football', true, 'active', '6-2', 220, 'Indian Lake, Ohio', 'Indian Lake', '', 0, '', ''),
       (50, 'Raekwon Webb', 'Running Back', 2016, true, 37, 'Football', true, 'active', '5-8', 195, 'Panama City, Fla.', 'Bay', '', 0, '', ''),
       (51, 'Treshaun Ward', 'Running Back', 2019, false, 38, 'Football', true, 'active', '5-10', 194, 'Plant City, Fla.', 'Tampa Bay Tech', '', 0, '', ''),
       (52, 'DeAundre Emeric', 'Defensive Back', 2017, true, 39, 'Football', true, 'active', '5-9', 196, 'Orlando, Fla.', 'University', '', 0, '', ''),
       (53, 'Ethan Umstead', 'Linebacker', 2019, false, 40, 'Football', true, 'active', '6-1', 220, 'Lake City, Fla.', 'Columbia', '', 0, '', ''),
       (54, 'Nolan McDonald', 'Defensive Back', 2018, true, 41, 'Football', true, 'active', '6-2', 180, 'Long Beach, Calif.', 'Long Beach Poly', '', 0, '', ''),
       (55, 'Garrett Murray', 'Long Snapper', 2018, true, 42, 'Football', true, 'active', '6-0', 240, 'Tampa, Fla.', 'Plant', '', 0, '', ''),
       (56, 'Jaleel McRae', 'Linebacker', 2019, false, 42, 'Football', true, 'active', '6-2', 233, 'New Smyrna Beach, Fla.', 'IMG Academy', '', 0, '', ''),
       (57, 'Joseph Schergen', 'Defensive Back', 2017, false, 43, 'Football', true, 'active', '5-9', 176, 'Loxahatchee, Fla.', 'Seminole Ridge', '', 0, '', ''),
       (58, 'Brendan Gant', 'Defensive Back', 2019, false, 44, 'Football', true, 'active', '6-2', 198, 'Lakeland, Fla.', 'Kathleen', '', 0, '', ''),
       (59, 'Grant Glennon', 'Long Snapper', 2017, true, 44, 'Football', true, 'active', '6-3', 218, 'Tallahassee, Fla.', 'Lincoln', '', 0, '', ''),
       (60, 'Tyler Gilroy', 'Linebacker', 2017, true, 45, 'Football', true, 'active', '5-11', 235, 'St. Augustine, Fla.', 'Bartram Trail', '', 0, '', ''),
       (61, 'Joseph Garcia', 'Linebacker', 2016, true, 47, 'Football', true, 'active', '6-2', 218, 'Miami, Fla.', 'Belen Jesuit', '', 0, '', ''),
       (62, 'Armani Kerr', 'Linebacker', 2016, true, 48, 'Football', true, 'active', '5-11', 220, 'Miami, Fla.', 'Miami Jackson', '', 0, '', ''),
       (63, 'Cedric Wood', 'Defensive Tackle', 2016, true, 49, 'Football', true, 'active', '6-3', 318, 'Tallahassee, Fla.', 'Godby', '', 0, '', ''),
       (64, 'Baveon Johnson', 'Offensive Lineman', 2016, true, 51, 'Football', true, 'active', '6-3', 305, 'Lakeland, Fla.', 'Lake Gibson', '', 0, '', ''),
       (65, 'Josh Brown', 'Linebacker', 2016, false, 51, 'Football', false, 'active', '6-3', 229, 'Charlotte, N.C.', 'Mallard Creek', '', 0, '', ''),
       (66, 'Christian Meadows', 'Offensive Lineman', 2018, true, 52, 'Football', true, 'active', '6-4', 336, 'Montezuma, Ga.', 'Macon County', '', 0, '', ''),
       (67, 'Maurice Smith', 'Offensive Lineman', 2019, false, 53, 'Football', true, 'active', '6-3', 301, 'Miami, Fla.', 'Miami Central', '', 0, '', ''),
       (68, 'Ricardo Watson', 'Linebacker', 2019, false, 54, 'Football', true, 'active', '6-0', 247, 'Tampa, Fla.', 'Armwood', '', 0, '', ''),
       (69, 'Derrick McLendon II', 'Defensive End', 2019, false, 55, 'Football', true, 'active', '6-4', 252, 'Decatur, Ga.', 'Tucker', '', 0, '', ''),
       (70, 'Dontae Lucas', 'Offensive Lineman', 2019, false, 55, 'Football', true, 'active', '6-3', 315, 'Overtown, Fla.', 'IMG Academy', '', 0, '', ''),
       (71, 'Ryan Roberts', 'Offensive Lineman', 2015, true, 56, 'Football', false, 'active', '6-6', 300, 'Northville, Mich.', 'Northville', 'Northern Illinois', 0, '', ''),
       (72, 'Emmett Rice', 'Linebacker', 2016, true, 56, 'Football', true, 'active', '6-2', 220, 'Miami Gardens, Fla.', 'Norland', '', 0, '', ''),
       (73, 'Axel Rizo', 'Linebacker', 2018, true, 57, 'Football', true, 'active', '6-2', 238, 'Miami, Fla.', 'Gulliver Prep', '', 0, '', ''),
       (74, 'Dennis Briggs, JR.', 'Defensive End', 2018, true, 58, 'Football', true, 'active', '6-4', 268, 'Kissimmee, Fla.', 'Gateway', '', 0, '', ''),
       (75, 'Brady Scott', 'Offensive Lineman', 2017, true, 59, 'Football', true, 'active', '6-6', 312, 'Powder Springs, Ga.', 'Mount Paran Christian', '', 0, '', ''),
       (76, 'Andrew Boselli', 'Offensive Lineman', 2016, true, 60, 'Football', true, 'active', '6-5', 308, 'Jacksonville, Fla.', 'Episcopal', '', 0, '', ''),
       (77, 'Jalen Goss', 'Offensive Lineman', 2018, true, 61, 'Football', true, 'active', '6-7', 270, 'Valdosta, Ga.', 'Lowndes', '', 0, '', ''),
       (78, 'Alexander Strozier', 'Offensive Lineman', 2015, true, 62, 'Football', false, 'active', '6-2', 302, 'Bartow, Fla.', 'Bartow', '', 0, '', ''),
       (79, 'Tanner Adkison', 'Long Snapper', 2016, true, 63, 'Football', true, 'active', '5-10', 192, 'Tallahassee, Fla.', 'Godby', '', 0, '', ''),
       (80, 'Jeremy Czerenda', 'Offensive Lineman', 2018, true, 68, 'Football', true, 'active', '6-3', 285, 'Fort Lauderdale, Fla.', 'University', '', 0, '', ''),
       (81, 'Robert Elder IV', 'Offensive Lineman', 2018, true, 69, 'Football', true, 'active', '6-2', 255, 'Stuart, Fla.', 'Jensen Beach', '', 0, '', ''),
       (82, 'Cole Minshew', 'Offensive Lineman', 2015, true, 70, 'Football', false, 'active', '6-5', 330, 'Pridgen, Ga.', 'Coffee County', '', 0, '', ''),
       (83, 'Chaz Neal', 'Offensive Lineman', 2018, true, 71, 'Football', true, 'active', '6-7', 305, 'Zephyrhills, Fla.', 'Wesley Chapel', '', 0, '', ''),
       (84, 'Mike Arnold', 'Offensive Lineman', 2016, true, 72, 'Football', true, 'active', '6-5', 340, 'Winter Haven, Fla.', 'Winter Haven', '', 0, '', ''),
       (85, 'Jauan Williams', 'Offensive Lineman', 2016, true, 73, 'Football', true, 'active', '6-7', 310, 'Washington, D.C.', 'Archbishop Carroll', '', 0, '', ''),
       (86, 'Jay Williams', 'Offensive Lineman', 2016, true, 74, 'Football', true, 'active', '6-6', 300, 'Moreno Valley, Calif.', 'Nuview Bridge Early College', 'Grossmont College', 0, '', ''),
       (87, 'Abdul Bello', 'Offensive Lineman', 2015, true, 75, 'Football', false, 'active', '6-6', 315, 'Warri, Nigeria', 'Montverde Academy (Fla.)', '', 0, '', ''),
       (88, 'Darius Washington', 'Offensive Lineman', 2019, false, 76, 'Football', true, 'active', '6-4', 308, 'Pensacola, Fla.', 'West Florida', '', 0, '', ''),
       (89, 'Christian Armstrong', 'Offensive Lineman', 2018, true, 77, 'Football', true, 'active', '6-4', 320, 'Warner Robins, Ga.', 'Warner Robins', '', 0, '', ''),
       (90, 'Ira Henry III', 'Offensive Lineman', 2019, false, 78, 'Football', true, 'active', '6-4', 317, 'St. Louis, Mo.', 'Trinity Catholic', '', 0, '', ''),
       (91, 'Ontaria Wilson', 'Wide Receiver', 2017, true, 80, 'Football', true, 'active', '6-0', 170, 'Ashburn, Ga.', 'Turner County', '', 0, '', ''),
       (92, 'Caleb Faris', 'Wide Receiver', 2019, false, 81, 'Football', true, 'active', '5-8', 175, 'Tampa, Fla.', 'Plant', '', 0, '', ''),
       (93, 'Austin White', 'Tight End', 2019, false, 82, 'Football', true, 'active', '6-5', 242, 'Tampa, Fla.', 'Tampa Catholic', '', 0, '', ''),
       (94, 'Jordan Young', 'Wide Receiver', 2018, true, 83, 'Football', true, 'active', '6-2', 192, 'Conyers, Ga.', 'Heritage', '', 0, '', ''),
       (95, 'Adarius Dent', 'Wide Receiver', 2018, false, 84, 'Football', true, 'active', '6-1', 174, 'Pahokee, Fla.', 'Pahokee', '', 0, '', ''),
       (96, 'Tyrell Moorer', 'Wide Receiver', 2015, true, 85, 'Football', false, 'active', '5-11', 199, 'Jacksonville, Fla.', 'The Bolles School', '', 0, '', ''),
       (97, 'Michael Barulich', 'Wide Receiver', 2016, true, 86, 'Football', true, 'active', '5-11', 195, 'Orlando, Fla.', 'Lake Nona', '', 0, '', ''),
       (98, 'Camren McDonald', 'Tight End', 2018, false, 87, 'Football', true, 'active', '6-4', 231, 'Long Beach, Calif.', 'Long Beach Poly', '', 0, '', ''),
       (99, 'Ryan Fitzgerald', 'Kicker', 2019, false, 88, 'Football', true, 'active', '6-1', 183, 'Coolidge, Ga.', 'Colquitt County', '', 0, '', ''),
       (100, 'TreShaun Harrison', 'Wide Receiver', 2018, false, 88, 'Football', true, 'active', '6-2', 191, 'Seattle, Wash.', 'Garfield', '', 0, '', ''),
       (101, 'Keith Gavin', 'Wide Receiver', 2016, false, 89, 'Football', false, 'active', '6-3', 212, 'Crawfordville, Fla.', 'Wakulla', '', 0, '', ''),
       (102, 'Tru Thompson', 'Defensive Tackle', 2019, false, 90, 'Football', true, 'active', '6-0', 315, 'Loganville, Ga.', 'Grayson', '', 0, '', ''),
       (103, 'Robert Cooper', 'Defensive Tackle', 2018, false, 91, 'Football', true, 'active', '6-2', 346, 'Lilburn, Ga.', 'South Gwinnett', '', 0, '', ''),
       (104, 'Peter Osimen', 'Defensive Tackle', 2015, true, 93, 'Football', false, 'active', '6-2', 297, 'Tampa, Fla.', 'Jesuit', '', 0, '', ''),
       (105, 'Jamarcus Chatman', 'Defensive End', 2018, true, 95, 'Football', true, 'active', '6-2', 271, 'Rome, Ga.', 'Rome', '', 0, '', ''),
       (106, 'Malcolm Lamar', 'Defensive End', 2018, true, 97, 'Football', true, 'active', '6-5', 277, 'Seffner, Fla.', 'Armwood', '', 0, '', ''),
       (107, 'Curtis Fann, JR.', 'Defensive End', 2019, false, 98, 'Football', true, 'active', '6-3', 250, 'Stillmore, Ga.', 'Emanuel County Institute', '', 0, '', ''),
       (108, 'Malcolm Ray', 'Defensive Tackle', 2019, false, 99, 'Football', true, 'active', '6-2', 278, 'Miami Gardens, Fla.', 'Miami Carol City', '', 0, '', ''),
       (109, 'Kentron Poitier', 'Wide Receiver', 2020, false, 0, 'Football', true, 'active', '6-4', 200, 'Miami, Fla.', 'Miami Palmetto', '', 0, '', ''),
       (110, 'Bryan Robinson', 'Wide Receiver', 2020, false, 0, 'Football', true, 'active', '6-2', 185, 'West Palm Beach, Fla.', 'Palm Beach Central', '', 0, '', ''),
       (111, 'Chubba Purdy', 'Quarterback', 2020, false, 0, 'Football', true, 'active', '6-2', 185, 'West Palm Beach, Fla.', 'Palm Beach Central', '', 0, '', ''),
       (112, 'Josh Griffis', 'Defensive End', 2020, false, 0, 'Football', true, 'active', '6-3', 235, 'Bradenton, Fla.', 'IMG Academy', '', 0, '', ''),
       (113, 'Alex Mastromanno', 'Kicker', 2020, false, 0, 'Football', true, 'active', '6-3', 215, 'Melbourne, Australia', 'Balwyn High School', '', 0, '', ''),
       (114, 'Tate Rodemaker', 'Quarterback', 2020, false, 0, 'Football', true, 'active', '6-4', 195, 'Valdosta, Ga.', 'Valdosta', '', 0, '', ''),
       (115, 'Lawrance Toafili', 'Running Back', 2020, false, 0, 'Football', true, 'active', '6-0', 174, 'Largo, Fla.', 'Pinellas Park', '', 0, '', ''),
       (116, 'Thomas Shrader', 'Offensive Tackle', 2020, false, 0, 'Football', true, 'active', '6-5', 277, 'Venice, Fla.', 'Venice', '', 0, '', ''),
       (117, 'Lloyd Willis', 'Offensive Tackle', 2020, false, 0, 'Football', true, 'active', '6-6', 310, 'Miami, Fla.', 'Killian', '', 0, '', ''),
       (118, 'Manny Rogers', 'Offensive Tackle', 2020, false, 0, 'Football', true, 'active', '6-6', 300, 'Jensen Beach, Fla.', 'Jensen Beach', '', 0, '', ''),
       (119, 'JaKhi Douglas', 'Athlete', 2020, false, 0, 'Football', true, 'active', '5-9', 184, 'Houma, La.', 'Terrebonne', '', 0, '', ''),
       (120, 'Carter Boatwright', 'Tight End', 2020, false, 0, 'Football', true, 'active', '6-5', 225, 'Moultrie, Ga.', 'Colquitt County', '', 0, '', ''),
       (121, 'Jayion McCluster', 'Linebacker', 2020, false, 0, 'Football', true, 'active', '6-2', 200, 'Largo, Fla.', 'Largo', '', 0, '', ''),
       (122, 'Zane Herring', 'Offensive Tackle', 2020, false, 0, 'Football', true, 'active', '6-5', 310, 'Madison, Fla.', 'Madison County', '', 0, '', ''),
       (123, 'Stephen Dix', 'Linebacker', 2020, false, 0, 'Football', true, 'active', '6-2', 207, 'Orlando, Fla.', 'Dr. Phillips', '', 0, '', ''),
       (124, 'Demorie Tate', 'Defensive Back', 2020, false, 0, 'Football', true, 'active', '6-1', 181, 'Orlando, Fla.', 'Freedom', '', 0, '', ''),
       (125, 'Jadarius Green-McKnight', 'Safety', 2020, false, 0, 'Football', true, 'active', '6-1', 200, 'Fort Myers, Fla.', 'Dunbar', '', 0, '', ''),
       (126, 'Malachi Wideman', 'Wide Receiver', 2020, false, 0, 'Football', true, 'active', '6-5', 190, 'Venice, Fla.', 'Venice', '', 0, '', ''),
       (127, 'Jarrett Jackson', 'Defensive End', 2018, true, 0, 'Football', true, 'active', '6-6', 281, 'Palm Beach Gardens, Fla.', 'Palm Beach Gardens', 'Louisville', 0, '', '');

INSERT INTO fsu_roster.Recruit (RecruitId, PlayerId, RivalsStars, RivalsRating, RivalsRankNational, RivalsRankPosition, RivalsRankState, RivalsLink, Two47Stars, Two47Rating, Two47RankNational, Two47RankPosition, Two47RankState, Two47Link)
VALUES (1, 1, 4, 5.8, 220, 10, 34, 'https://n.rivals.com/content/prospects/2017/james-blackman-6136', 3, 0.8823, 407, 16, 49, 'https://247sports.com/Player/James-Blackman-79879/'),
       (2, 2, 5, 6.1, 10, 1, 1, 'https://n.rivals.com/content/prospects/2016/levonta-taylor-121', 5, 0.9966, 7, 1, 1, 'https://247sports.com/Player/Levonta-Taylor-34178/'),
       (3, 3, 5, 6.1, 3, 2, 1, 'https://n.rivals.com/content/prospects/2017/cam-akers-2385', 5, 0.9983, 3, 2, 1, 'https://247sports.com/Player/Cam-Akers-57281/'),
       (4, 4, 5, 6.1, 23, 1, 1, 'https://n.rivals.com/content/prospects/2017/khalan-laborn-1736', 5, 0.9867, 29, 1, 1, 'https://247sports.com/Player/Khalan-Laborn-72202/'),
       (5, 5, 4, 5.8, 168, 5, 21, 'https://n.rivals.com/content/prospects/2016/dontavious-jackson-33', 4, 0.9561, 92, 4, 13, 'https://247sports.com/Player/Dontavious-Jackson-37374/'),
       (6, 6, 5, 6.1, 29, 3, 4, 'https://n.rivals.com/content/prospects/2018/jaiden-woodbey-9840', 4, 0.9814, 35, 4, 5, 'https://247sports.com/Player/Jaiden-Woodbey-84564/'),
       (7, 7, 3, 5.7, 0, 18, 61, 'https://n.rivals.com/content/prospects/2017/tre-mckitty-2538', 3, 0.8816, 397, 15, 51, 'https://247sports.com/Player/Tre-McKitty-80334/'),
       (8, 8, 4, 6.0, 36, 5, 9, 'https://n.rivals.com/content/prospects/2017/d-j-matthews-129', 4, 0.9763, 51, 8, 9, 'https://247sports.com/Player/DJ-Matthews-36789/'),
       (9, 9, 4, 6.0, 56, 5, 12, 'https://n.rivals.com/content/prospects/2017/stanford-samuels-92', 4, 0.9820, 38, 4, 6, 'https://247sports.com/Player/Stanford-Samuels-54830/'),
       (10, 10, 3, 5.6, 0, 39, 76, 'https://n.rivals.com/content/prospects/2019/kevon-glenn-183489', 3, 0.8655, 772, 36, 78, 'https://247sports.com/Player/Kevon-Glenn-46041278/'),
       (11, 11, 4, 5.8, 0, 20, 34, 'https://n.rivals.com/content/prospects/2018/anthony-grant-11219', 3, 0.8871, 403, 17, 43, 'https://247sports.com/Player/Anthony-Grant-88100/'),
       (12, 12, 0, 0, 0, 0, 0, 'https://n.rivals.com/content/prospects/2019/gino-english-232956', 0, 0.0, 0, 0, 0, ''),
       (13, 13, 4, 5.9, 83, 14, 20, 'https://n.rivals.com/content/prospects/2018/warren-thompson-9835', 4, 0.9361, 157, 28, 27, 'https://247sports.com/Player/Warren-Thompson-89545/'),
       (14, 14, 4, 5.9, 107, 7, 17, 'https://n.rivals.com/content/prospects/2016/janarius-robinson-320', 4, 0.9571, 86, 7, 14, 'https://247sports.com/Player/Janarius-Robinson-33958/'),
       (15, 15, 3, 5.5, 0, 0, 25, 'https://n.rivals.com/content/prospects/2015/alex-hornibrook-8433', 0, 0.0, 0, 0, 0, ''),
       (16, 16, 4, 5.9, 73, 11, 3, 'https://n.rivals.com/content/prospects/2018/aj-lytton-30769', 4, 0.9757, 50, 7, 3, 'https://247sports.com/Player/AJ-Lytton-81986/'),
       (17, 17, 0, 0, 0, 0, 0, '', 0, 0.0, 0, 0, 0, ''),
       (18, 18, 3, 5.6, 0, 0, 0, 'https://n.rivals.com/content/prospects/2018/jordan-travis-185436', 3, 0.8572, 889, 25, 128, 'https://247sports.com/Player/Jordan-Travis-46039529/'),
       (19, 19, 5, 6.1, 5, 1, 2, 'https://n.rivals.com/content/prospects/2017/josh-kaindoh-3622', 5, 0.9948, 10, 3, 2, 'https://247sports.com/Player/Joshua-Kaindoh-79468/'),
       (20, 20, 3, 5.6, 0, 46, 0, 'https://n.rivals.com/content/prospects/2017/deonte-sheffield-6904', 3, 0.8429, 1042, 58, 147, 'https://247sports.com/Player/Deonte-Sheffield-86534/'),
       (21, 21, 4, 5.8, 0, 22, 17, 'https://n.rivals.com/content/prospects/2016/kyle-meyers-393', 4, 0.9076, 256, 25, 17, 'https://247sports.com/Player/Kyle-Meyers-79518/'),
       (22, 22, 3, 5.7, 0, 21, 50, 'https://n.rivals.com/content/prospects/2016/carlos-becker-30', 4, 0.9295, 163, 16, 25, 'https://247sports.com/Player/Carlos-Becker-78692/'),
       (23, 23, 3, 5.6, 0, 0, 92, 'https://n.rivals.com/content/prospects/2017/tamorrion-terry-183768', 3, 0.8883, 350, 52, 34, 'https://247sports.com/Player/Tamorrion-Terry-46036826/'),
       (24, 24, 3, 5.7, 0, 22, 66, 'https://n.rivals.com/content/prospects/2017/cory-durden-2068', 3, 0.8864, 361, 24, 45, 'https://247sports.com/Player/Cory-Durden-76656/'),
       (25, 25, 0, 0, 0, 0, 0, 'https://n.rivals.com/content/prospects/2018/alexander-eleyssami-96237', 0, 0.0, 0, 0, 0, 'https://247sports.com/Player/Alex-Eleyssami-89600/'),
       (26, 26, 4, 5.8, 172, 15, 22, 'https://n.rivals.com/content/prospects/2019/travis-jay-200686', 4, 0.9388, 142, 17, 19, 'https://247sports.com/Player/Travis-Jay-46047687/'),
       (27, 27, 0, 0, 0, 0, 0, '', 0, 0.0, 0, 0, 0, ''),
       (28, 28, 4, 5.8, 0, 38, 45, 'https://n.rivals.com/content/prospects/2019/jarvis-brownlee-196054', 3, 0.8783, 546, 54, 68, 'https://247sports.com/Player/Jarvis-Brownlee-46051387/'),
       (29, 29, 3, 5.5, 0, 0, 0, 'https://n.rivals.com/content/prospects/2018/wyatt-rector-16913', 3, 0.8418, 1289, 31, 204, 'https://247sports.com/Player/Wyatt-Rector-89859/'),
       (30, 30, 4, 5.8, 234, 15, 26, 'https://n.rivals.com/content/prospects/2019/kalen-deloach-209665', 4, 0.9138, 221, 13, 24, 'https://247sports.com/Player/Kalen-DeLoach-46048742/'),
       (31, 31, 3, 5.5, 0, 0, 0, 'https://n.rivals.com/content/prospects/2018/keyshawn-helton-211517', 3, 0.8416, 1310, 191, 207, 'https://247sports.com/Player/Keyshawn-Helton-46037740/'),
       (32, 32, 5, 6.1, 2, 1, 1, 'https://n.rivals.com/content/prospects/2017/marvin-wilson-109', 5, 0.9958, 6, 1, 1, 'https://247sports.com/Player/Marvin-Wilson-39194/'),
       (33, 33, 4, 5.8, 0, 21, 28, 'https://n.rivals.com/content/prospects/2015/adonis-thomas-7591', 3, 0.8767, 26, 2, 9, 'https://247sports.com/Player/Adonis-Thomas-33600/'),
       (34, 34, 4, 6.0, 63, 8, 1, 'https://n.rivals.com/content/prospects/2017/hamsah-nasirildeen-21498', 4, 0.9490, 109, 14, 1, 'https://247sports.com/Player/Hamsah-Nasirildeen-87361/'),
       (35, 35, 3, 5.5, 0, 0, 0, 'https://n.rivals.com/content/prospects/2016/ricky-aguayo-5885', 3, 0.8337, 1217, 6, 165, 'https://247sports.com/Player/Ricky-Aguayo-45479/'),
       (36, 36, 4, 5.9, 81, 10, 15, 'https://n.rivals.com/content/prospects/2017/cyrus-fagan-6887', 4, 0.9548, 97, 13, 18, 'https://247sports.com/Player/Cyrus-Fagan-76976/'),
       (37, 37, 4, 6.0, 46, 6, 12, 'https://n.rivals.com/content/prospects/2018/asante-samuel-2550', 4, 0.9702, 60, 9, 12, 'https://247sports.com/Player/Asante-Samuel-Jr-78738/'),
       (38, 38, 5, 6.1, 25, 4, 4, 'https://n.rivals.com/content/prospects/2019/akeem-dent-180445', 4, 0.9752, 50, 7, 8, 'https://247sports.com/Player/Akeem-Dent-92565/'),
       (39, 39, 3, 5.5, 0, 0, 0, 'https://n.rivals.com/content/prospects/2017/decalon-brooks-14917', 3, 0.8375, 1186, 51, 172, 'https://247sports.com/Player/DeCalon-Brooks-80600/'),
       (40, 40, 4, 5.8, 0, 29, 54, 'https://n.rivals.com/content/prospects/2018/isaiah-bolden-10210', 4, 0.9120, 231, 25, 43, 'https://247sports.com/Player/Isaiah-Bolden-88682/'),
       (41, 41, 2, 5.4, 0, 0, 0, 'https://n.rivals.com/content/prospects/2019/tre-young-220775', 3, 0.1855, 0, 0, 0, 'https://247sports.com/Player/Tre-Young-46050697/'),
       (42, 42, 4, 5.8, 246, 22, 30, 'https://n.rivals.com/content/prospects/2019/quashon-fuller-181844', 4, 0.9182, 202, 14, 28, 'https://247sports.com/Player/Quashon-Fuller-46039291/'),
       (43, 43, 0, 0, 0, 0, 0, 'https://n.rivals.com/content/prospects/2017/tommy-martin-185664', 0, 0.0, 0, 0, 0, ''),
       (44, 44, 4, 5.8, 0, 31, 51, 'https://n.rivals.com/content/prospects/2019/raymond-woodie-iii-22983', 4, 0.9059, 265, 21, 38, 'https://247sports.com/Player/Raymond-Woodie-III-48875/'),
       (45, 45, 2, 5.4, 0, 0, 0, 'https://n.rivals.com/content/prospects/2016/gabe-nabers-10241', 3, 0.8012, 2050, 139, 182, 'https://247sports.com/Player/Gabe-Nabers-63655/'),
       (46, 46, 4, 5.9, 79, 7, 18, 'https://n.rivals.com/content/prospects/2018/amari-gainer-17246', 4, 0.9112, 239, 18, 44, 'https://247sports.com/Player/Amari-Gainer-87993/'),
       (47, 47, 4, 5.8, 199, 5, 20, 'https://n.rivals.com/content/prospects/2017/leonard-warner-3143', 4, 0.9264, 174, 7, 17, 'https://247sports.com/Player/Leonard-Warner-75393/'),
       (48, 48, 3, 5.7, 0, 41, 71, 'https://n.rivals.com/content/prospects/2019/renardo-green-186509', 3, 0.8817, 486, 47, 60, 'https://247sports.com/Player/Renardo-Green-46039765/'),
       (49, 49, 0, 0, 0, 0, 0, '', 0, 0.0, 0, 0, 0, ''),
       (50, 50, 2, 5.2, 0, 0, 0, 'https://n.rivals.com/content/prospects/2016/raekwon-webb-17918', 2, 0.7667, 3047, 181, 437, 'https://247sports.com/Player/Raekwon-Webb-64791/'),
       (51, 51, 3, 5.5, 0, 0, 0, 'https://n.rivals.com/content/prospects/2019/treshaun-ward-180743', 3, 0.8444, 1267, 84, 173, 'https://247sports.com/Player/Treshaun-Ward-93024/'),
       (52, 52, 0, 0, 0, 0, 0, '', 0, 0.0, 0, 0, 0, ''),
       (53, 53, 0, 0, 0, 0, 0, 'https://n.rivals.com/content/prospects/2019/ethan-umstead-191762', 0, 0.0, 0, 0, 0, 'https://247sports.com/Player/Ethan-Umstead-46058137/'),
       (54, 54, 2, 5.4, 0, 0, 0, 'https://n.rivals.com/content/prospects/2017/nolan-mcdonald-12123', 0, 0.0, 0, 0, 0, ''),
       (55, 55, 0, 0, 0, 0, 0, '', 0, 0.0, 0, 0, 0, ''),
       (56, 56, 4, 5.8, 214, 10, 27, 'https://n.rivals.com/content/prospects/2019/jaleel-mcrae-64597', 4, 0.9180, 205, 11, 29, 'https://247sports.com/Player/Jaleel-McRae-84021/'),
       (57, 57, 0, 0, 0, 0, 0, '', 0, 0.0, 0, 0, 0, ''),
       (58, 58, 4, 6.0, 49, 3, 8, 'https://n.rivals.com/content/prospects/2019/brendan-gant-180699', 4, 0.9477, 117, 11, 16, 'https://247sports.com/Player/Brendan-Gant-93041/'),
       (59, 59, 0, 0, 0, 0, 0, 'https://n.rivals.com/content/prospects/2017/grant-glennon-185492', 3, 0.8125, 1794, 1, 267, 'https://247sports.com/Player/Grant-Glennon-46036842/'),
       (60, 60, 0, 0, 0, 0, 0, '', 0, 0.0, 0, 0, 0, ''),
       (61, 61, 0, 0, 0, 0, 0, 'https://n.rivals.com/content/prospects/2016/joseph-garcia-56314', 0, 0.0, 0, 0, 0, 'https://247sports.com/Player/Joseph-Garcia-80418/'),
       (62, 62, 0, 0, 0, 0, 0, '', 0, 0.0, 0, 0, 0, ''),
       (63, 63, 4, 5.8, 228, 20, 32, 'https://n.rivals.com/content/prospects/2016/cedric-wood-8287', 4, 0.9058, 269, 28, 38, 'https://247sports.com/Player/Cedric-Wood-36049/'),
       (64, 64, 4, 6.0, 45, 1, 7, 'https://n.rivals.com/content/prospects/2016/baveon-johnson-220', 4, 0.9774, 43, 1, 5, 'https://247sports.com/Player/Baveon-Johnson-61659/'),
       (65, 65, 4, 5.8, 193, 10, 10, 'https://n.rivals.com/content/prospects/2016/josh-brown-361', 4, 0.9010, 291, 18, 12, 'https://247sports.com/Player/Josh-Brown-55087/'),
       (66, 66, 3, 5.6, 0, 32, 66, 'https://n.rivals.com/content/prospects/2018/christian-meadows-181327', 4, 0.8993, 302, 14, 33, 'https://247sports.com/Player/Christian-Meadows-90910/'),
       (67, 67, 3, 5.6, 0, 28, 97, 'https://n.rivals.com/content/prospects/2019/maurice-smith-190210', 3, 0.8513, 1093, 58, 150, 'https://247sports.com/Player/Maurice-Smith-46039912/'),
       (68, 68, 3, 5.5, 0, 0, 0, 'https://n.rivals.com/content/prospects/2019/ricardo-watson-181538', 3, 0.8114, 2178, 95, 301, 'https://247sports.com/Player/Ricardo-Watson-94435/'),
       (69, 69, 3, 5.7, 0, 24, 43, 'https://n.rivals.com/content/prospects/2019/derrick-mclendon-180022', 3, 0.8817, 495, 37, 52, 'https://247sports.com/Player/Derrick-McLendon-92467/'),
       (70, 70, 4, 6.0, 67, 3, 12, 'https://n.rivals.com/content/prospects/2019/dontae-lucas-15568', 4, 0.9310, 167, 9, 23, 'https://247sports.com/Player/Dontae-Lucas-90448/'),
       (71, 71, 2, 5.2, 0, 0, 0, 'https://n.rivals.com/content/prospects/2015/ryan-roberts-13588', 2, 0.7776, 2614, 99, 67, 'https://247sports.com/Player/Ryan-Roberts-35097/'),
       (72, 72, 4, 5.8, 186, 15, 27, 'https://n.rivals.com/content/prospects/2016/emmett-rice-2118', 3, 0.8810, 395, 27, 54, 'https://247sports.com/Player/Emmett-Rice-77895/'),
       (73, 73, 0, 0, 0, 0, 0, '', 0, 0.0, 0, 0, 0, ''),
       (74, 74, 4, 5.8, 241, 13, 44, 'https://n.rivals.com/content/prospects/2018/dennis-briggs-72697', 4, 0.8970, 324, 25, 57, 'https://247sports.com/Player/Dennis-Briggs-83237/'),
       (75, 75, 3, 5.6, 0, 0, 87, 'https://n.rivals.com/content/prospects/2017/brady-scott-97835', 3, 0.8423, 1055, 94, 107, 'https://247sports.com/Player/Brady-Scott-76695/'),
       (76, 76, 3, 5.5, 0, 0, 0, 'https://n.rivals.com/content/prospects/2016/andrew-boselli-7199', 3, 0.8545, 726, 31, 103, 'https://247sports.com/Player/Andrew-Boselli-32131/'),
       (77, 77, 3, 5.6, 0, 65, 64, 'https://n.rivals.com/content/prospects/2018/jalen-goss-183608', 3, 0.8635, 752, 57, 73, 'https://247sports.com/Player/Jalen-Goss-46037275/'),
       (78, 78, 0, 0, 0, 0, 0, '', 0, 0.0, 0, 0, 0, ''),
       (79, 79, 0, 0, 0, 0, 0, '', 0, 0.0, 0, 0, 0, ''),
       (80, 80, 0, 0, 0, 0, 0, 'https://n.rivals.com/content/prospects/2018/jeremy-czerenda-194044', 0, 0.0, 0, 0, 0, ''),
       (81, 81, 0, 0, 0, 0, 0, '', 0, 0.0, 0, 0, 0, ''),
       (82, 82, 3, 5.7, 0, 33, 44, 'https://n.rivals.com/content/prospects/2015/cole-minshew-7921', 3, 0.8671, 539, 35, 51, 'https://247sports.com/Player/Cole-Minshew-36664/'),
       (83, 83, 3, 5.6, 0, 45, 0, 'https://n.rivals.com/content/prospects/2018/chaz-neal-180942', 3, 0.8451, 1215, 69, 188, 'https://247sports.com/Player/Chaz-Neal-92709/'),
       (84, 84, 4, 5.8, 1, 0, 0, 'https://n.rivals.com/content/prospects/2016/mike-arnold-1191', 3, 0.8755, 1, 1, 1, 'https://247sports.com/Player/Mike-Arnold-37193/'),
       (85, 85, 4, 5.9, 146, 7, 3, 'https://n.rivals.com/content/prospects/2016/jauan-williams-648', 4, 0.9288, 167, 16, 3, 'https://247sports.com/Player/Jauan-Williams-36526/'),
       (86, 86, 3, 5.5, 97, 0, 0, 'https://n.rivals.com/content/prospects/2019/jay-williams-235139', 0, 0.0, 0, 0, 0, ''),
       (87, 87, 4, 5.8, 0, 29, 57, 'https://n.rivals.com/content/prospects/2015/abdul-bello-7920', 4, 0.9562, 96, 4, 16, 'https://247sports.com/Player/Abdul-Bello-38983/'),
       (88, 88, 3, 5.6, 0, 0, 0, 'https://n.rivals.com/content/prospects/2019/darius-washington-196635', 3, 0.8810, 502, 38, 64, 'https://247sports.com/Player/Darius-Washington-46051138/'),
       (89, 89, 4, 5.8, 0, 23, 40, 'https://n.rivals.com/content/prospects/2018/christian-armstrong-103045', 3, 0.8871, 406, 29, 44, 'https://247sports.com/Player/Christian-Armstrong-89689/'),
       (90, 90, 3, 5.6, 0, 33, 21, 'https://n.rivals.com/content/prospects/2019/ira-henry-176840', 3, 0.8580, 915, 75, 19, 'https://247sports.com/Player/Ira-Henry-46037653/'),
       (91, 91, 3, 5.5, 0, 0, 0, 'https://n.rivals.com/content/prospects/2017/ontario-wilson-184738', 3, 0.8538, 740, 75, 75, 'https://247sports.com/Player/Ontaria-Wilson-46037866/'),
       (92, 92, 0, 0, 0, 0, 0, 'https://n.rivals.com/content/prospects/2019/caleb-faris-203090', 0, 0.0, 0, 0, 0, ''),
       (93, 93, 0, 0, 0, 0, 0, 'https://n.rivals.com/content/prospects/2019/austin-white-233094', 0, 0.0, 0, 0, 0, ''),
       (94, 94, 3, 5.6, 0, 0, 65, 'https://n.rivals.com/content/prospects/2018/jordan-young-211143', 3, 0.8891, 386, 64, 41, 'https://247sports.com/Player/Jordan-Young-46051365/'),
       (95, 95, 0, 0, 0, 0, 0, '', 0, 0.0, 0, 0, 0, ''),
       (96, 96, 0, 0, 0, 0, 0, '', 0, 0.0, 0, 0, 0, ''),
       (97, 97, 0, 0, 0, 0, 0, '', 0, 0.0, 0, 0, 0, ''),
       (98, 98, 4, 5.8, 202, 9, 31, 'https://n.rivals.com/content/prospects/2018/camren-mcdonald-40438', 4, 0.9023, 290, 15, 39, 'https://247sports.com/Player/Camren-McDonald-87577/'),
       (99, 99, 2, 5.4, 0, 0, 0, 'https://n.rivals.com/content/prospects/2019/ryan-fitzgerald-215989', 3, 0.8054, 2393, 12, 217, 'https://247sports.com/Player/Ryan-Fitzgerald-46049813/'),
       (100, 100, 4, 5.8, 247, 10, 2, 'https://n.rivals.com/content/prospects/2018/tre-shaun-harrison-183218', 4, 0.9336, 161, 7, 2, 'https://247sports.com/Player/TreShaun-Harrison-46037155/'),
       (101, 101, 4, 5.9, 143, 32, 23, 'https://n.rivals.com/content/prospects/2016/keith-gavin-2107', 4, 0.9470, 113, 17, 19, 'https://247sports.com/Player/Keith-Gavin-23285/'),
       (102, 102, 3, 5.6, 0, 50, 98, 'https://n.rivals.com/content/prospects/2019/tru-thompson-5704', 3, 0.8710, 647, 52, 65, 'https://247sports.com/Player/Tru-Thompson-84012/'),
       (103, 103, 4, 5.9, 161, 11, 18, 'https://n.rivals.com/content/prospects/2018/robert-cooper-27812', 4, 0.9482, 117, 9, 15, 'https://247sports.com/Player/Robert-Cooper-82463/'),
       (104, 104, 0, 0, 0, 0, 0, '', 0, 0.0, 0, 0, 0, ''),
       (105, 105, 3, 5.7, 0, 30, 53, 'https://n.rivals.com/content/prospects/2018/jamarcus-chatman-83204', 3, 0.8784, 507, 35, 53, 'https://247sports.com/Player/Jamarcus-Chatman-89467/'),
       (106, 106, 4, 5.8, 0, 20, 60, 'https://n.rivals.com/content/prospects/2018/malcolm-lamar-20618', 4, 0.9154, 222, 9, 42, 'https://247sports.com/Player/Malcolm-Lamar-90326/'),
       (107, 107, 3, 5.7, 0, 39, 52, 'https://n.rivals.com/content/prospects/2019/curtis-fann-jr-204689', 4, 0.8963, 329, 22, 35, 'https://247sports.com/Player/Curtis-Fann-46041973/'),
       (108, 108, 3, 5.5, 0, 0, 0, 'https://n.rivals.com/content/prospects/2019/malcolm-ray-208459', 3, 0.8498, 1132, 78, 154, 'https://247sports.com/Player/Malcolm-Ray-46043067/'),
       (109, 109, 3, 5.7, 0, 63, 66, 'https://n.rivals.com/content/prospects/2020/kentron-poitier-234254', 3, 0.8788, 488, 81, 70, 'https://247sports.com/Player/Kentron-Poitier-46058431/'),
       (110, 110, 4, 5.9, 122, 25, 20, 'https://n.rivals.com/content/prospects/2020/bryan-robinson-202473', 4, 0.9273, 174, 30, 26, 'https://247sports.com/Player/Bryan-Robinson-46047673/'),
       (111, 111, 4, 5.8, 0, 8, 11, 'https://n.rivals.com/content/prospects/2020/chubba-purdy-236376', 4, 0.9202, 200, 6, 8, 'https://247sports.com/Player/Chubba-Purdy-46076928/'),
       (112, 112, 3, 5.7, 0, 28, 100, 'https://n.rivals.com/content/prospects/2020/josh-griffis-208882', 3, 0.8730, 558, 23, 75, 'https://247sports.com/Player/Josh-Griffis-46048872/'),
       (113, 113, 2, 5.2, 0, 0, 0, 'https://n.rivals.com/content/prospects/2020/alex-mastromanno-258721', 2, 0.7580, 3618, 17, 1, 'https://247sports.com/Player/Alex-Mastromanno-46097539/'),
       (114, 114, 3, 5.6, 0, 32, 72, 'https://n.rivals.com/content/prospects/2020/tate-rodemaker-236062', 3, 0.8647, 718, 27, 71, 'https://247sports.com/Player/Tate-Rodemaker-46052628/'),
       (115, 115, 4, 5.8, 0, 23, 48, 'https://n.rivals.com/content/prospects/2020/lawrance-toafili-183455', 4, 0.9261, 179, 17, 27, 'https://247sports.com/Player/Lawrance-Toafili-46039737/'),
       (116, 116, 3, 5.7, 0, 56, 88, 'https://n.rivals.com/content/prospects/2020/thomas-shrader-234622', 3, 0.8701, 612, 13, 83, 'https://247sports.com/Player/Thomas-Shrader-46076578/'),
       (117, 117, 3, 5.6, 0, 0, 0, 'https://n.rivals.com/content/prospects/2020/lloyd-willis-253711', 3, 0.8505, 1078, 85, 139, 'https://247sports.com/Player/Lloyd-Willis-46056767/'),
       (118, 118, 4, 5.8, 0, 31, 49, 'https://n.rivals.com/content/prospects/2020/manny-rogers-234204', 0, 0.0, 0, 0, 0, ''),
       (119, 119, 4, 5.8, 0, 8, 17, 'https://n.rivals.com/content/prospects/2020/ja-khi-douglas-186487', 4, 0.9107, 248, 40, 9, 'https://247sports.com/Player/JaKhi-Douglas-46050903/'),
       (120, 120, 3, 5.6, 0, 0, 0, 'https://n.rivals.com/content/prospects/2020/carter-boatwright-237420', 3, 0.8485, 1149, 51, 117, 'https://247sports.com/Player/Carter-Boatwright-46085547/'),
       (121, 121, 4, 5.8, 0, 21, 56, 'https://n.rivals.com/content/prospects/2020/jayion-mccluster-183456', 3, 0.8858, 409, 16, 62, 'https://247sports.com/Player/Jayion-McCluster-46039453/'),
       (122, 122, 3, 5.7, 0, 54, 86, 'https://n.rivals.com/content/prospects/2020/zane-herring-212453', 3, 0.8621, 785, 51, 107, 'https://247sports.com/Player/Zane-Herring-46051859/'),
       (123, 123, 4, 5.8, 168, 14, 29, 'https://n.rivals.com/content/prospects/2020/stephen-dix-192738', 4, 0.9110, 245, 19, 40, 'https://247sports.com/Player/Stephen-Dix-Jr-46039535/'),
       (124, 124, 4, 5.9, 75, 6, 12, 'https://n.rivals.com/content/prospects/2020/demorie-tate-229273', 4, 0.9762, 50, 5, 8, 'https://247sports.com/Player/Demorie-Tate-46055223/'),
       (125, 125, 4, 5.8, 0, 25, 62, 'https://n.rivals.com/content/prospects/2020/jadarius-green-mcknight-193744', 4, 0.9181, 213, 20, 35, 'https://247sports.com/Player/Jadarius-Green-McKnight-46041817/'),
       (126, 126, 4, 5.9, 95, 16, 0, 'https://n.rivals.com/content/prospects/2020/jadarius-green-mcknight-193744', 4, 0.9403, 132, 25, 21, 'https://247sports.com/Player/Malachi-Wideman-46046942/'),
       (127, 127, 3, 5.5, 0, 0, 0, 'https://n.rivals.com/content/prospects/2018/jarrett-jackson-65855', 0, 0.0, 0, 0, 0, 'https://247sports.com/Player/Jarrett-Jackson-87145/');

COMMIT;
